CL,Escuela de Arquitectura y Diseño,http://www.arquitecturaucv.cl/
CL,Pontificia Universidad Catolica de Chile,http://www.puc.cl/
CL,Universidad Academia de Humanismo Cristiano,http://www.academia.cl/
CL,Universidad Academia de Humanismo Cristiano,http://www.academia.cl/
CL,Universidad Adolfo Ibañez,http://www.uai.cl/
CL,Universidad Adolfo Ibáñez,http://www.uai.cl/
CL,Universidad Adventista de Chile,http://www.unachile.cl/
CL,Universidad Alberto Hurtado,http://www.uahurtado.cl/
CL,Universidad Arcis,http://www.universidadarcis.cl/
CL,Universidad Arturo Prat,http://www.unap.cl/
CL,Universidad Austral de Chile,http://www.uach.cl/
CL,Universidad Autonoma del Sur,http://www.uas.cl/
CL,Universidad Bernardo O'Higgins,http://www.ubohiggins.cl/
CL,Universidad Bolivariana,http://www.ubolivariana.cl/
CL,Universidad Católica Cardenal Raúl Silva Henríquez,http://www.ucsh.cl/
CL,Universidad Catolica de La Santísima Concepción,http://www.ucsc.cl/
CL,Universidad Catolica del Maule,http://www.ucm.cl/
CL,Universidad Catolica del Norte,http://www.ucn.cl/
CL,Universidad Catolica de Temuco,http://www.uctem.cl/
CL,Universidad Catolica de Valparaiso,http://www.ucv.cl/
CL,Universidad Central,http://www.ucentral.cl/
CL,Universidad Chileno Britanica de Cultura,http://www.ubritanica.cl/
CL,Universidad de Aconcagua,http://www.uaconcagua.cl/
CL,Universidad de Antofagasta,http://www.uantof.cl/
CL,Universidad de Artes, Ciencias y Comunicación,http://www.uniacc.cl/
CL,Universidad de Atacama,http://www.uda.cl/
CL,Universidad de Chile,http://www.uchile.cl/
CL,Universidad de Ciencias de la Informatica,http://www.ucinf.cl/
CL,Universidad de Concepcion,http://www.udec.cl/
CL,Universidad de La Frontera,http://www.ufro.cl/
CL,Universidad de Las Américas,http://www.uamericas.cl/
CL,Universidad de La Serena,http://www.userena.cl/
CL,Universidad del Bío-Bío,http://www.ubiobio.cl/
CL,Universidad del Desarrollo,http://www.udesarrollo.cl/
CL,Universidad del Mar,http://www.udelmar.cl/
CL,Universidad de Los Andes,http://www.uandes.cl/
CL,Universidad de Los Lagos,http://www.ulagos.cl/
CL,Universidad del Pacífico,http://www.upacifico.cl/
CL,Universidad de Magallanes,http://www.umag.cl/
CL,Universidad de Playa Ancha de Ciencias de la Educacion,http://www.upa.cl/
CL,Universidad de San Andres,http://www.usanandres.cl/
CL,Universidad de Santiago de Chile,http://www.usach.cl/
CL,Universidad de Talca,http://www.utalca.cl/
CL,Universidad de Tarapacá,http://www.uta.cl/
CL,Universidad de Valparaiso,http://www.uv.cl/
CL,Universidad de Viña del Mar,http://www.uvm.cl/
CL,Universidad Diego Portales,http://www.udp.cl/
CL,Universidad Finis Terrae,http://www.ufinis.cl/
CL,Universidad Francisco de Aguirre,http://www.unfa.cl/
CL,Universidad Gabriela Mistral,http://www.ugm.cl/
CL,Universidad Iberoamericana de Ciencias y Tecnologia,http://www.unicit.cl/
CL,Universidad International SEK,http://www.uisek.cl/
CL,Universidad José Santos Ossa,http://www.ujso.cl/
CL,Universidad La Republica,http://www.ulare.cl/
CL,Universidad Mariano Egaña,http://www.ume.cl/
CL,Universidad Maritima de Chile,http://www.umaritima.cl/
CL,Universidad Mayor,http://www.umayor.cl/
CL,Universidad Metropolitana de Ciencias de la Educación,http://www.umce.cl/
CL,Universidad Miguel de Cervantes,http://www.ucervantes.cl/
CL,Universidad Nacional Andrés Bello,http://www.unab.cl/
CL,Universidad San Sebastian,http://www.uss.cl/
CL,Universidad Santo Tomás,http://www.ust.cl/
CL,Universidad Técnica Federico Santa María,http://www.utfsm.cl/
CL,Universidad Tecnológica Metropolitana,http://www.utem.cl/
CL,Universidad Tecnologica Vicente Perez Rosales,http://www.uvipro.cl/
